date,round,num01,num02,num03,num04,num05,num06,num07,num08
2017年4月5日,第1回,01,10,13,19,23,28,35,37
2017年4月12日,第2回,01,06,15,18,21,30,35,38
2017年4月19日,第3回,04,06,12,17,24,28,31,40
2017年4月26日,第4回,02,07,13,19,21,30,33,38
2017年5月3日,第5回,05,08,13,19,24,29,32,36
2017年5月10日,第6回,01,09,12,19,21,26,31,39
2017年5月17日,第7回,04,09,13,18,21,27,31,37
2017年5月24日,第8回,02,10,15,20,21,28,31,39
2017年5月31日,第9回,02,08,13,19,21,27,35,38
2017年6月7日,第10回,02,06,15,16,25,29,35,36
2017年6月14日,第11回,03,09,14,19,22,26,34,37
2017年6月21日,第12回,01,10,11,17,24,30,35,36
2017年6月28日,第13回,04,10,13,16,21,26,34,39
2017年7月5日,第14回,01,10,13,19,21,28,34,39
2017年7月12日,第15回,03,10,12,17,22,27,32,39
2017年7月19日,第16回,03,09,14,20,21,29,31,36
2017年7月26日,第17回,01,09,12,20,23,29,35,37
2017年8月2日,第18回,05,09,12,20,24,27,35,38
2017年8月9日,第19回,05,09,12,16,25,29,31,38
2017年8月16日,第20回,04,09,15,19,22,28,34,39
2017年8月23日,第21回,02,08,15,20,25,29,35,37
2017年8月30日,第22回,01,09,14,16,21,29,34,40
2017年9月6日,第23回,01,07,11,20,24,29,31,37
2017年9月13日,第24回,02,06,15,18,21,28,32,37
2017年9月20日,第25回,03,07,11,16,24,28,32,37
2017年9月27日,第26回,03,09,13,20,22,29,35,38
2017年10月4日,第27回,05,09,15,19,24,26,32,37
2017年10月11日,第28回,01,07,15,17,21,29,34,40
2017年10月18日,第29回,01,09,12,19,24,29,31,36
2017年10月25日,第30回,03,10,11,16,21,26,35,38
2017年11月1日,第31回,05,10,14,20,24,30,31,39
2017年11月8日,第32回,04,06,15,18,23,30,32,36
2017年11月15日,第33回,04,08,12,18,25,28,35,40
2017年11月22日,第34回,05,07,15,17,21,28,32,38
2017年11月29日,第35回,02,09,13,20,24,30,35,39
2017年12月6日,第36回,05,06,13,16,22,26,35,39
2017年12月13日,第37回,02,06,14,18,25,27,34,36
2017年12月20日,第38回,02,08,13,20,23,30,31,38
2017年12月27日,第39回,05,10,13,19,21,30,32,36
2018年1月10日,第40回,03,06,15,19,22,29,31,36
2018年1月17日,第41回,03,07,11,19,21,30,31,36
2018年1月24日,第42回,04,09,13,18,21,28,35,37
2018年1月31日,第43回,01,06,15,16,24,27,33,39
2018年2月7日,第44回,03,08,15,16,21,30,33,38
2018年2月14日,第45回,03,06,14,18,22,30,31,39
2018年2月21日,第46回,05,07,11,18,24,26,31,40
2018年2月28日,第47回,01,07,12,20,24,26,31,39
2018年3月7日,第48回,03,10,11,19,21,27,32,36
2018年3月14日,第49回,02,07,11,18,24,30,32,38
2018年3月21日,第50回,02,06,15,19,23,27,33,40
2018年3月28日,第51回,01,07,11,17,22,30,35,40
2018年4月4日,第52回,05,09,11,20,23,27,35,40
2018年4月11日,第53回,03,09,14,17,21,26,32,38
2018年4月18日,第54回,02,08,13,18,22,30,32,36
2018年4月25日,第55回,05,09,13,18,23,27,31,40
2018年5月2日,第56回,02,08,15,16,24,28,35,37
2018年5月9日,第57回,03,09,11,20,24,26,31,39
2018年5月16日,第58回,02,07,12,18,21,27,34,38
2018年5月23日,第59回,01,09,15,19,23,30,33,38
2018年5月30日,第60回,02,06,15,19,25,29,31,40
2018年6月6日,第61回,02,10,13,16,21,28,35,40
2018年6月13日,第62回,02,06,13,20,22,30,31,39
2018年6月20日,第63回,05,10,11,20,24,29,31,36
2018年6月27日,第64回,05,06,11,16,21,26,34,37
2018年7月4日,第65回,01,10,15,17,24,30,35,37
2018年7月11日,第66回,04,10,12,19,23,26,33,39
2018年7月18日,第67回,02,06,12,16,24,30,31,40
2018年7月25日,第68回,02,08,11,16,22,29,32,36
2018年8月1日,第69回,01,06,13,18,25,27,32,40
2018年8月8日,第70回,05,06,12,17,23,30,33,39
2018年8月15日,第71回,04,06,13,19,23,27,35,39
2018年8月22日,第72回,02,08,11,16,22,29,31,40
2018年8月29日,第73回,05,09,12,16,23,28,35,37
2018年9月5日,第74回,02,08,11,20,22,28,33,37
2018年9月12日,第75回,05,06,12,17,22,29,34,40
2018年9月19日,第76回,02,06,13,18,25,30,31,38
2018年9月26日,第77回,02,10,15,16,24,27,34,40
2018年10月3日,第78回,05,07,14,16,24,27,33,38
2018年10月10日,第79回,03,07,12,19,25,26,32,36
2018年10月17日,第80回,05,09,11,16,23,27,33,38
2018年10月24日,第81回,05,08,15,19,25,27,33,40
2018年10月31日,第82回,05,06,11,20,24,27,34,40
2018年11月7日,第83回,04,08,15,19,24,30,34,36
2018年11月14日,第84回,02,07,15,18,22,30,31,36
2018年11月21日,第85回,03,07,11,17,24,26,35,40
2018年11月28日,第86回,04,10,11,17,21,30,31,36
2018年12月5日,第87回,03,08,11,19,24,30,35,36
2018年12月12日,第88回,01,09,13,18,24,27,34,36
2018年12月19日,第89回,03,06,13,16,24,28,35,38
2018年12月26日,第90回,03,06,13,18,24,27,35,39
2019年1月9日,第91回,02,08,15,19,24,27,34,39
2019年1月16日,第92回,01,06,12,19,23,26,31,38
2019年1月23日,第93回,01,08,14,18,22,26,35,40
2019年1月30日,第94回,03,10,12,18,22,26,34,36
2019年2月6日,第95回,02,07,12,18,23,30,31,37
2019年2月13日,第96回,03,08,14,19,25,30,33,36
2019年2月20日,第97回,03,10,14,17,24,26,34,36
2019年2月27日,第98回,04,07,12,18,21,28,35,38
